{
  "name": "cocot46",
  "vendorId": "0xFEED",
  "productId": "0x0000",
  "lighting": "qmk_rgblight",
  "matrix": { "rows": 4, "cols": 14 },
  "layouts": {
    "keymap": [
      [
        {
          "rx": 7.5,
          "ry": 4,
          "y": -0.3500000000000001,
          "x": -0.5
        },
        "1,6"
      ],
      [
        {
          "y": 0.04999999999999982,
          "x": -1
        },
        "2,6",
        "3,6"
      ],
      [
        {
          "r": 10,
          "y": -5.7,
          "x": -4.5
        },
        "0,3"
      ],
      [
        {
          "y": -0.8999999999999999,
          "x": -3.5
        },
        "0,4"
      ],
      [
        {
          "y": -0.9,
          "x": -2.5
        },
        "0,5"
      ],
      [
        {
          "y": -0.9500000000000002,
          "x": -5.5
        },
        "0,2"
      ],
      [
        {
          "y": -0.5,
          "x": -7.5
        },
        "0,0",
        "0,1"
      ],
      [
        {
          "y": -0.75,
          "x": -4.5
        },
        "1,3"
      ],
      [
        {
          "y": -0.8999999999999999,
          "x": -3.5
        },
        "1,4"
      ],
      [
        {
          "y": -0.8999999999999999,
          "x": -2.5
        },
        "1,5"
      ],
      [
        {
          "y": -0.9500000000000002,
          "x": -5.5
        },
        "1,2"
      ],
      [
        {
          "y": -0.5,
          "x": -7.5
        },
        "1,0",
        "1,1"
      ],
      [
        {
          "y": -0.7499999999999996,
          "x": -4.5
        },
        "2,3"
      ],
      [
        {
          "y": -0.8999999999999999,
          "x": -3.5
        },
        "2,4"
      ],
      [
        {
          "y": -0.8999999999999999,
          "x": -2.5
        },
        "2,5"
      ],
      [
        {
          "y": -0.9500000000000006,
          "x": -5.5
        },
        "2,2"
      ],
      [
        {
          "y": -0.5,
          "x": -7.5
        },
        "2,0",
        "2,1"
      ],
      [
        {
          "y": -0.5,
          "x": -5
        },
        "3,2",
        "3,3"
      ],
      [
        {
          "r": 20,
          "y": -1.75,
          "x": -1.5999999999999996
        },
        "0,6"
      ],
      [
        {
          "y": 0.25,
          "x": -2.8499999999999996
        },
        "3,4"
      ],
      [
        {
          "r": 30,
          "y": -0.75,
          "x": -1.625
        },
        "3,5"
      ],
      [
        {
          "r": -30,
          "y": -1,
          "x": 0.625
        },
        "3,12"
      ],
      [
        {
          "r": -20,
          "y": -2.5,
          "x": 0.5999999999999996
        },
        "0,13"
      ],
      [
        {
          "y": 0.25,
          "x": 1.8499999999999996
        },
        "3,11"
      ],
      [
        {
          "r": -10,
          "y": -4.75,
          "x": 3.5
        },
        "0,10"
      ],
      [
        {
          "y": -0.8999999999999999,
          "x": 2.5
        },
        "0,11"
      ],
      [
        {
          "y": -0.9,
          "x": 1.5
        },
        "0,12"
      ],
      [
        {
          "y": -0.9500000000000002,
          "x": 4.5
        },
        "0,9"
      ],
      [
        {
          "y": -0.5,
          "x": 5.5
        },
        "0,8",
        "0,7"
      ],
      [
        {
          "y": -0.75,
          "x": 3.5
        },
        "1,10"
      ],
      [
        {
          "y": -0.8999999999999999,
          "x": 2.5
        },
        "1,11"
      ],
      [
        {
          "y": -0.8999999999999999,
          "x": 1.5
        },
        "1,12"
      ],
      [
        {
          "y": -0.9500000000000002,
          "x": 4.5
        },
        "1,9"
      ],
      [
        {
          "y": -0.5,
          "x": 5.5
        },
        "1,8",
        "1,7"
      ],
      [
        {
          "y": -0.7499999999999996,
          "x": 3.5
        },
        "2,10"
      ],
      [
        {
          "y": -0.8999999999999999,
          "x": 2.5
        },
        "2,11"
      ],
      [
        {
          "y": -0.8999999999999999,
          "x": 1.5
        },
        "2,12"
      ],
      [
        {
          "y": -0.9500000000000006,
          "x": 4.5
        },
        "2,9"
      ],
      [
        {
          "y": -0.5,
          "x": 5.5
        },
        "2,8",
        "2,7"
      ],
      [
        {
          "y": -0.5,
          "x": 3
        },
        "3,10",
        "3,9"
      ]
    ]
  }
}